{
  "config": {
    "run_name": "exp1_4_L8_K32",
    "out_dir": "./results",
    "seed": 1902801431,
    "device": null,
    "bs_train": 128,
    "bs_test": 32,
    "batches": 100,
    "epochs": 100,
    "early_stopping": 3,
    "checkpoints": null,
    "lr": 0.001,
    "reg": 0.001,
    "filters_per_layer": [
      32
    ],
    "pool_every": 8,
    "hidden_dims": [
      1024
    ],
    "model_type": "resnet",
    "activation_type": "relu",
    "activation_params": {},
    "conv_params": {
      "kernel_size": 3,
      "stride": 1,
      "padding": 1
    },
    "pooling_type": "avg",
    "pooling_params": {
      "kernel_size": 2,
      "stride": 2
    },
    "batchnorm": true,
    "dropout": 0.2,
    "kw": {},
    "layers_per_block": 8
  },
  "results": {
    "num_epochs": 28,
    "train_loss": [
      2.173671327829361,
      1.762627980709076,
      1.6417127788066863,
      1.535811322927475,
      1.4676219975948335,
      1.3995928597450256,
      1.3644991505146027,
      1.3180117797851563,
      1.2773521077632903,
      1.2525946366786957,
      1.2102533638477326,
      1.1852434915304184,
      1.147076530456543,
      1.1053145068883896,
      1.078758916258812,
      1.0329825526475906,
      1.0156018674373626,
      1.0064502954483032,
      0.9704512202739716,
      0.9409923958778381,
      0.892528435587883,
      0.8668022209405899,
      0.863707827925682,
      0.838779649734497,
      0.8208979767560959,
      0.8007475161552429,
      0.7619257861375809,
      0.7529178005456925
    ],
    "train_acc": [
      21.6015625,
      36.15625,
      41.4453125,
      45.1875,
      47.125,
      49.2890625,
      50.8203125,
      52.3671875,
      53.9609375,
      55.4375,
      56.890625,
      57.1484375,
      59.2265625,
      61.28125,
      61.984375,
      63.8828125,
      63.9609375,
      64.2734375,
      66.1484375,
      67.0,
      68.8046875,
      69.5,
      70.109375,
      70.484375,
      71.28125,
      72.265625,
      73.7421875,
      73.90625
    ],
    "test_loss": [
      1.8872078204154967,
      1.7119506573677064,
      1.5184728753566743,
      1.4015919381380082,
      1.354943823814392,
      1.3063997793197633,
      1.3600059562921525,
      1.275396448969841,
      1.3038449478149414,
      1.2141642415523528,
      1.1697461545467376,
      1.2143368136882782,
      1.1491435039043427,
      1.1455375176668168,
      1.136781415939331,
      1.0702808010578155,
      1.1133222484588623,
      1.061347405910492,
      1.0510375946760178,
      1.0425898933410644,
      0.9816827315092087,
      0.9665466076135636,
      1.0122466158866883,
      0.9559049865603447,
      0.9320752564072609,
      0.9685257974267006,
      1.0168559736013412,
      0.9663700678944588
    ],
    "test_acc": [
      33.125,
      39.75,
      46.125,
      48.90625,
      51.3125,
      52.875,
      51.90625,
      54.875,
      54.0625,
      57.0,
      58.0,
      57.65625,
      59.75,
      59.9375,
      60.0,
      62.6875,
      61.0,
      63.0,
      62.4375,
      63.25,
      64.5,
      66.78125,
      64.90625,
      66.96875,
      67.375,
      67.0625,
      65.71875,
      66.84375
    ]
  }
}