{
  "config": {
    "run_name": "exp1_4_L2_K64-128-256",
    "out_dir": "./results",
    "seed": 1729769977,
    "device": null,
    "bs_train": 128,
    "bs_test": 32,
    "batches": 100,
    "epochs": 100,
    "early_stopping": 3,
    "checkpoints": null,
    "lr": 0.001,
    "reg": 0.001,
    "filters_per_layer": [
      64,
      128,
      256
    ],
    "pool_every": 2,
    "hidden_dims": [
      1024
    ],
    "model_type": "resnet",
    "activation_type": "relu",
    "activation_params": {},
    "conv_params": {
      "kernel_size": 3,
      "stride": 1,
      "padding": 1
    },
    "pooling_type": "avg",
    "pooling_params": {
      "kernel_size": 2,
      "stride": 2
    },
    "batchnorm": true,
    "dropout": 0.2,
    "kw": {},
    "layers_per_block": 2
  },
  "results": {
    "num_epochs": 16,
    "train_loss": [
      1.875984878540039,
      1.5555672931671143,
      1.3927489459514617,
      1.282455615401268,
      1.1957251393795014,
      1.1112283653020858,
      1.04130344748497,
      1.0087807381153107,
      0.9744129353761672,
      0.9128348171710968,
      0.8934951794147491,
      0.8585590034723282,
      0.8428133189678192,
      0.8116188836097717,
      0.7933078563213348,
      0.7635518038272857
    ],
    "train_acc": [
      31.8828125,
      42.859375,
      50.0234375,
      53.3984375,
      57.0625,
      60.203125,
      62.8984375,
      64.3125,
      65.515625,
      67.2578125,
      68.390625,
      69.671875,
      70.0859375,
      71.265625,
      72.2890625,
      72.9765625
    ],
    "test_loss": [
      1.5959317445755006,
      1.4105116844177246,
      1.3253527653217316,
      1.2310051786899567,
      1.1681923580169677,
      1.1171014142036437,
      1.1305813103914262,
      0.9859524613618851,
      0.9424750339984894,
      0.9316624706983566,
      0.9108911579847336,
      0.9012103110551835,
      0.8275963279604912,
      0.8560856625437736,
      0.8418536728620529,
      0.8849835705757141
    ],
    "test_acc": [
      42.8125,
      48.96875,
      52.21875,
      56.15625,
      59.1875,
      60.59375,
      60.59375,
      64.46875,
      66.9375,
      66.34375,
      67.5625,
      68.15625,
      70.4375,
      70.15625,
      70.125,
      68.1875
    ]
  }
}