{
  "config": {
    "run_name": "exp1_4_L32_K32",
    "out_dir": "./results",
    "seed": 1997404595,
    "device": null,
    "bs_train": 128,
    "bs_test": 32,
    "batches": 100,
    "epochs": 100,
    "early_stopping": 3,
    "checkpoints": null,
    "lr": 0.001,
    "reg": 0.001,
    "filters_per_layer": [
      32
    ],
    "pool_every": 32,
    "hidden_dims": [
      1024
    ],
    "model_type": "resnet",
    "activation_type": "relu",
    "activation_params": {},
    "conv_params": {
      "kernel_size": 3,
      "stride": 1,
      "padding": 1
    },
    "pooling_type": "avg",
    "pooling_params": {
      "kernel_size": 2,
      "stride": 2
    },
    "batchnorm": true,
    "dropout": 0.2,
    "kw": {},
    "layers_per_block": 32
  },
  "results": {
    "num_epochs": 16,
    "train_loss": [
      2.044426987171173,
      1.7520088016986848,
      1.669838809967041,
      1.6200640654563905,
      1.5960346007347106,
      1.547354863882065,
      1.5375923454761504,
      1.5079417467117309,
      1.488109929561615,
      1.4718740284442902,
      1.4662640869617463,
      1.4375441288948059,
      1.4417556655406951,
      1.439894164800644,
      1.3956673538684845,
      1.404060446023941
    ],
    "train_acc": [
      25.9140625,
      38.2265625,
      40.5,
      42.734375,
      43.171875,
      44.7109375,
      45.1875,
      46.359375,
      48.2890625,
      47.9296875,
      48.1015625,
      49.375,
      48.71875,
      48.8203125,
      50.1640625,
      50.3203125
    ],
    "test_loss": [
      1.8099126505851746,
      1.7007746005058288,
      1.6169678390026092,
      1.703364154100418,
      1.5798158705234528,
      1.5086281192302704,
      1.5243916046619415,
      1.5126500928401947,
      1.4734352648258209,
      1.4660613548755645,
      1.4514261877536774,
      1.4599376797676087,
      1.422833549976349,
      1.4465220582485199,
      1.437221783399582,
      1.410877457857132
    ],
    "test_acc": [
      36.25,
      40.875,
      42.34375,
      40.0,
      43.5,
      46.25,
      45.40625,
      46.0,
      48.0,
      48.15625,
      48.28125,
      48.03125,
      50.59375,
      48.46875,
      49.15625,
      50.46875
    ]
  }
}