{
  "config": {
    "run_name": "exp1_4_L16_K32",
    "out_dir": "./results",
    "seed": 61545917,
    "device": null,
    "bs_train": 128,
    "bs_test": 32,
    "batches": 100,
    "epochs": 100,
    "early_stopping": 3,
    "checkpoints": null,
    "lr": 0.001,
    "reg": 0.001,
    "filters_per_layer": [
      32
    ],
    "pool_every": 16,
    "hidden_dims": [
      1024
    ],
    "model_type": "resnet",
    "activation_type": "relu",
    "activation_params": {},
    "conv_params": {
      "kernel_size": 3,
      "stride": 1,
      "padding": 1
    },
    "pooling_type": "avg",
    "pooling_params": {
      "kernel_size": 2,
      "stride": 2
    },
    "batchnorm": true,
    "dropout": 0.2,
    "kw": {},
    "layers_per_block": 16
  },
  "results": {
    "num_epochs": 11,
    "train_loss": [
      2.154163817167282,
      1.8569511687755584,
      1.7564575314521789,
      1.6820991277694701,
      1.6181914901733399,
      1.574007910490036,
      1.543616123199463,
      1.5081293189525604,
      1.4796314251422882,
      1.4706940388679504,
      1.4451410675048828
    ],
    "train_acc": [
      22.59375,
      33.1796875,
      37.5234375,
      39.6484375,
      41.4609375,
      43.3359375,
      44.453125,
      45.46875,
      47.1328125,
      46.9375,
      48.234375
    ],
    "test_loss": [
      1.916675420999527,
      1.8345709681510924,
      1.6962240266799926,
      1.6020856451988221,
      1.5678126883506776,
      1.5336331713199616,
      1.5030413341522217,
      1.4654764866828918,
      1.4338849151134492,
      1.4670581483840943,
      1.4661493289470673
    ],
    "test_acc": [
      32.125,
      34.59375,
      37.8125,
      42.71875,
      44.1875,
      45.71875,
      45.625,
      48.59375,
      47.875,
      47.53125,
      48.40625
    ]
  }
}