{
  "config": {
    "run_name": "exp1_4_L8_K64-128-256",
    "out_dir": "./results",
    "seed": 525417056,
    "device": null,
    "bs_train": 128,
    "bs_test": 32,
    "batches": 100,
    "epochs": 100,
    "early_stopping": 3,
    "checkpoints": null,
    "lr": 0.001,
    "reg": 0.001,
    "filters_per_layer": [
      64,
      128,
      256
    ],
    "pool_every": 8,
    "hidden_dims": [
      1024
    ],
    "model_type": "resnet",
    "activation_type": "relu",
    "activation_params": {},
    "conv_params": {
      "kernel_size": 3,
      "stride": 1,
      "padding": 1
    },
    "pooling_type": "avg",
    "pooling_params": {
      "kernel_size": 2,
      "stride": 2
    },
    "batchnorm": true,
    "dropout": 0.2,
    "kw": {},
    "layers_per_block": 8
  },
  "results": {
    "num_epochs": 37,
    "train_loss": [
      2.080460243225098,
      1.8769112133979797,
      1.7844027054309846,
      1.7166859650611876,
      1.6469257616996764,
      1.613884847164154,
      1.5696878957748412,
      1.5361630523204803,
      1.5365996265411377,
      1.4888873434066772,
      1.468658537864685,
      1.4630060589313507,
      1.4285375738143922,
      1.3979803431034088,
      1.3668265545368194,
      1.328206478357315,
      1.3177762401103974,
      1.2976389908790589,
      1.2817583966255188,
      1.2703965413570404,
      1.2385367143154145,
      1.227688090801239,
      1.1910684466362,
      1.183152961730957,
      1.1676685655117034,
      1.1523297262191772,
      1.1370921456813812,
      1.1002737611532212,
      1.0943621075153351,
      1.0851495552062989,
      1.0776299273967742,
      1.0804533559083938,
      1.0602204841375351,
      1.0468324440717698,
      1.0390860933065413,
      1.0112593406438828,
      1.003078988790512
    ],
    "train_acc": [
      22.6640625,
      30.421875,
      33.9453125,
      37.3203125,
      40.015625,
      40.78125,
      43.0546875,
      44.1015625,
      44.0546875,
      45.828125,
      46.4296875,
      46.3203125,
      47.953125,
      48.84375,
      50.3671875,
      52.234375,
      52.203125,
      53.609375,
      54.3125,
      54.3046875,
      55.71875,
      56.6171875,
      57.5,
      57.796875,
      58.3828125,
      59.46875,
      59.3125,
      60.953125,
      61.390625,
      61.6015625,
      62.1640625,
      61.6484375,
      62.625,
      62.6796875,
      63.2734375,
      64.375,
      64.3671875
    ],
    "test_loss": [
      1.8705529296398162,
      1.795106542110443,
      1.7266696512699127,
      1.6528314030170441,
      1.5779347503185273,
      1.5497956585884094,
      1.5227244591712952,
      1.5151909399032593,
      1.4751215851306916,
      1.4090681660175324,
      1.4423429226875306,
      1.4247463214397431,
      1.3400186812877655,
      1.3630372512340545,
      1.3530982691049576,
      1.2765174108743667,
      1.381137068271637,
      1.2720500206947327,
      1.1888005203008651,
      1.1911874896287917,
      1.2158063459396362,
      1.1849053198099135,
      1.2009497076272964,
      1.1263448601961137,
      1.1413918709754944,
      1.0918894356489182,
      1.1332810133695603,
      1.0807799923419952,
      1.0787171417474746,
      1.1376368814706803,
      1.0765149617195129,
      1.0527753114700318,
      1.0134453696012498,
      1.0206416404247285,
      1.020383910536766,
      1.0336460775136949,
      1.0724312102794646
    ],
    "test_acc": [
      31.15625,
      33.0,
      37.46875,
      39.53125,
      43.40625,
      43.5625,
      43.8125,
      45.9375,
      45.59375,
      48.9375,
      47.59375,
      49.125,
      51.21875,
      49.625,
      51.28125,
      53.28125,
      48.84375,
      52.75,
      56.875,
      57.5625,
      56.4375,
      57.75,
      56.4375,
      59.34375,
      59.09375,
      60.75,
      58.53125,
      60.65625,
      61.5625,
      60.125,
      62.375,
      61.84375,
      63.09375,
      63.28125,
      62.96875,
      62.28125,
      62.21875
    ]
  }
}