{
  "config": {
    "run_name": "exp1_4_L4_K64-128-256",
    "out_dir": "./results",
    "seed": 657827602,
    "device": null,
    "bs_train": 128,
    "bs_test": 32,
    "batches": 100,
    "epochs": 100,
    "early_stopping": 3,
    "checkpoints": null,
    "lr": 0.001,
    "reg": 0.001,
    "filters_per_layer": [
      64,
      128,
      256
    ],
    "pool_every": 4,
    "hidden_dims": [
      1024
    ],
    "model_type": "resnet",
    "activation_type": "relu",
    "activation_params": {},
    "conv_params": {
      "kernel_size": 3,
      "stride": 1,
      "padding": 1
    },
    "pooling_type": "avg",
    "pooling_params": {
      "kernel_size": 2,
      "stride": 2
    },
    "batchnorm": true,
    "dropout": 0.2,
    "kw": {},
    "layers_per_block": 4
  },
  "results": {
    "num_epochs": 28,
    "train_loss": [
      2.0624306166172026,
      1.8079510843753814,
      1.671648530960083,
      1.5970664489269257,
      1.5316059458255769,
      1.4599334120750427,
      1.4232814049720763,
      1.3780857968330382,
      1.3295953011512756,
      1.286288903951645,
      1.2595401859283448,
      1.2230563044548035,
      1.193668577671051,
      1.1714915913343429,
      1.135657125711441,
      1.1079760819673539,
      1.0884162670373916,
      1.0712797623872756,
      1.0465835112333297,
      1.0265354108810425,
      1.0051866263151168,
      0.9930541318655014,
      0.9764591616392135,
      0.9535413181781769,
      0.9411851692199708,
      0.9212350988388062,
      0.895917939543724,
      0.9065505170822143
    ],
    "train_acc": [
      22.4609375,
      33.15625,
      38.7421875,
      41.1015625,
      44.2578125,
      46.3828125,
      48.234375,
      49.9453125,
      51.9609375,
      53.203125,
      55.15625,
      55.71875,
      57.671875,
      58.484375,
      59.3515625,
      60.171875,
      60.9140625,
      62.2109375,
      63.453125,
      63.09375,
      64.4609375,
      65.2421875,
      65.1171875,
      65.9453125,
      66.0859375,
      67.6328125,
      68.0234375,
      67.90625
    ],
    "test_loss": [
      1.870452868938446,
      1.6729078698158264,
      1.5703535199165344,
      1.4800732362270355,
      1.4221026134490966,
      1.378078653216362,
      1.375634150505066,
      1.3383158767223358,
      1.245159898996353,
      1.2593526166677476,
      1.2227880573272705,
      1.177318086028099,
      1.1715161734819413,
      1.1336162650585175,
      1.112937931418419,
      1.1424972993135452,
      1.0514577144384385,
      1.0344308251142502,
      1.0443264484405517,
      1.0338008284568787,
      1.0073460772633553,
      1.0012924468517304,
      0.946041796207428,
      0.9705538105964661,
      0.9216823890805245,
      0.924195048213005,
      0.9051345616579056,
      1.0115421903133393
    ],
    "test_acc": [
      30.0625,
      39.25,
      42.1875,
      46.9375,
      48.53125,
      50.40625,
      48.78125,
      50.625,
      54.6875,
      54.78125,
      54.875,
      57.53125,
      58.0625,
      59.75,
      60.0625,
      59.78125,
      62.71875,
      62.90625,
      62.25,
      63.34375,
      63.5625,
      64.15625,
      65.84375,
      65.1875,
      67.5625,
      66.28125,
      67.34375,
      64.0625
    ]
  }
}